,yaw
0,0
1,0.0025744
2,0.010289
3,0.023116
4,0.041013
5,0.063918
6,0.091753
7,0.12442
8,0.16181
9,0.20379
10,0.25023
11,0.30095
12,0.35579
13,0.41455
14,0.47704
15,0.54304
16,0.61233
17,0.68467
18,0.7598
19,0.83747
20,0.91742
21,0.99937
22,1.083
23,1.1681
24,1.2544
25,1.3414
26,1.4291
27,1.5169
28,1.6047
29,1.6922
30,1.779
31,1.8648
32,1.9494
33,2.0324
34,2.1136
35,2.1927
36,2.2695
37,2.3436
38,2.4147
39,2.4828
40,2.5475
41,2.6085
42,2.6658
43,2.7191
44,2.7682
45,2.8129
46,2.8531
47,2.8887
48,2.9196
49,2.9455
50,2.9665
51,2.9824
52,2.9933
53,2.999
54,2.9996
55,2.9951
56,2.9854
57,2.9706
58,2.9507
59,2.9259
60,2.8962
61,2.8617
62,2.8225
63,2.7788
64,2.7307
65,2.6784
66,2.622
67,2.5618
68,2.4979
69,2.4306
70,2.3601
71,2.2867
72,2.2106
73,2.132
74,2.0512
75,1.9686
76,1.8843
77,1.7988
78,1.7122
79,1.6248
80,1.5371
81,1.4492
82,1.3615
83,1.2743
84,1.1878
85,1.1024
86,1.0184
87,0.93604
88,0.85561
89,0.77739
90,0.70166
91,0.62866
92,0.55865
93,0.49187
94,0.42856
95,0.36892
96,0.31317
97,0.26148
98,0.21405
99,0.17104
100,0.13258
101,0.09882
102,0.069868
103,0.045826
104,0.026774
105,0.01278
106,0.0038898
107,0.00013546
108,0
109,0
110,0
111,0
112,0
113,0
114,0
115,0
116,0
117,0
118,0
119,0
120,0
121,0
122,0
123,0
124,0
125,0
126,0
127,0
128,0
129,0
130,0
131,0
132,0
133,0
134,0
135,0
136,0
137,0
138,0
139,0
140,0
141,0
142,0
143,0
144,0
145,0
146,0
147,0
148,0
149,0
150,0
151,0
152,0
153,0
154,0
155,0
156,0
157,0
158,0
159,0
160,0
161,0
162,0
163,0
164,0
165,0
166,0
167,0
168,0
169,0
170,0
171,0
172,-9.66E-05
173,-0.0010572
174,-0.0030438
175,-0.0060497
176,-0.010065
177,-0.015075
178,-0.021063
179,-0.028008
180,-0.035888
181,-0.044673
182,-0.054336
183,-0.064841
184,-0.076154
185,-0.088234
186,-0.10104
187,-0.11453
188,-0.12866
189,-0.14338
190,-0.15863
191,-0.17437
192,-0.19054
193,-0.20708
194,-0.22395
195,-0.24107
196,-0.2584
197,-0.27587
198,-0.29342
199,-0.311
200,-0.32854
201,-0.34598
202,-0.36326
203,-0.38032
204,-0.39711
205,-0.41357
206,-0.42964
207,-0.44526
208,-0.46038
209,-0.47495
210,-0.48892
211,-0.50225
212,-0.51488
213,-0.52677
214,-0.53788
215,-0.54818
216,-0.55762
217,-0.56618
218,-0.57383
219,-0.58053
220,-0.58628
221,-0.59104
222,-0.5948
223,-0.59755
224,-0.59928
225,-0.59998
226,-0.59966
227,-0.5983
228,-0.59592
229,-0.59252
230,-0.58812
231,-0.58273
232,-0.57637
233,-0.56906
234,-0.56083
235,-0.55171
236,-0.54171
237,-0.53089
238,-0.51928
239,-0.50691
240,-0.49384
241,-0.4801
242,-0.46574
243,-0.45081
244,-0.43536
245,-0.41945
246,-0.40313
247,-0.38645
248,-0.36948
249,-0.35227
250,-0.33488
251,-0.31737
252,-0.2998
253,-0.28224
254,-0.26473
255,-0.24734
256,-0.23014
257,-0.21317
258,-0.1965
259,-0.18019
260,-0.16429
261,-0.14885
262,-0.13394
263,-0.11959
264,-0.10586
265,-0.092803
266,-0.080453
267,-0.068857
268,-0.058054
269,-0.048082
270,-0.038974
271,-0.030763
272,-0.023475
273,-0.017137
274,-0.011769
275,-0.0073914
276,-0.0040178
277,-0.0016601
278,-0.00032643
279,0
280,0
281,0
282,0
283,0
284,0
285,0
286,0
287,0
288,0
289,0
290,0
291,0
292,0
293,0
294,0
295,0
296,0
297,0
298,0
299,0
300,0
301,0
302,0
303,0
304,0
305,0
306,0
307,0
308,0
309,0
310,0
311,0
312,0
313,0
314,0
315,0
316,0
317,0
318,0
319,0
320,0
321,0
322,0
323,0
324,0
325,0
326,0
327,0
328,0
329,0
330,0
331,0
332,0
333,0
334,0
335,0
336,0
337,0
338,0
339,0
340,0
341,0
342,0
343,0
344,-0.00096595
345,-0.0044799
346,-0.010553
347,-0.019164
348,-0.030283
349,-0.043874
350,-0.059887
351,-0.07827
352,-0.098958
353,-0.12188
354,-0.14696
355,-0.17411
356,-0.20323
357,-0.23424
358,-0.26701
359,-0.30144
360,-0.33741
361,-0.3748
362,-0.41347
363,-0.4533
364,-0.49415
365,-0.53588
366,-0.57834
367,-0.62139
368,-0.66488
369,-0.70866
370,-0.75259
371,-0.79651
372,-0.84026
373,-0.88371
374,-0.9267
375,-0.96908
376,-1.0107
377,-1.0514
378,-1.0911
379,-1.1297
380,-1.1669
381,-1.2027
382,-1.2369
383,-1.2695
384,-1.3003
385,-1.3292
386,-1.3561
387,-1.3809
388,-1.4036
389,-1.424
390,-1.4421
391,-1.4579
392,-1.4712
393,-1.482
394,-1.4903
395,-1.4961
396,-1.4993
397,-1.4999
398,-1.498
399,-1.4935
400,-1.4864
401,-1.4768
402,-1.4648
403,-1.4502
404,-1.4333
405,-1.414
406,-1.3925
407,-1.3687
408,-1.3428
409,-1.3149
410,-1.285
411,-1.2533
412,-1.2199
413,-1.1849
414,-1.1483
415,-1.1104
416,-1.0713
417,-1.0311
418,-0.98987
419,-0.94784
420,-0.90514
421,-0.8619
422,-0.81828
423,-0.77442
424,-0.73048
425,-0.68661
426,-0.64295
427,-0.59966
428,-0.55689
429,-0.51478
430,-0.47348
431,-0.43312
432,-0.39386
433,-0.35582
434,-0.31913
435,-0.28392
436,-0.25031
437,-0.21841
438,-0.18834
439,-0.1602
440,-0.13408
441,-0.11007
442,-0.088265
443,-0.068728
444,-0.05153
445,-0.036729
446,-0.024377
447,-0.014515
448,-0.0071783
449,-0.002391
450,-0.00016973
451,0
452,0
453,0
454,0
455,0
456,0
457,0
458,0
459,0
460,0
461,0
462,0
463,0
464,0
465,0
466,0
467,0
468,0
469,0
470,0
471,0
472,0
473,0
474,0
475,0
476,0
477,0
478,0
479,0
480,0
481,0
482,0
483,0
484,0
485,0
486,0
487,0
488,0
489,0
490,0
491,0
492,0
493,0
494,0
495,0
496,0
497,0
498,0
499,0
500,0
501,0
502,0
503,0
504,0
505,0
506,0
507,0
508,0
509,0
510,0
511,0
512,0
513,0
514,0
515,3.08E-05
516,0.0005794
517,0.0018125
518,0.003726
519,0.0063131
520,0.009565
521,0.013471
522,0.018017
523,0.023187
524,0.028964
525,0.035329
526,0.042259
527,0.04973
528,0.057717
529,0.066192
530,0.075127
531,0.08449
532,0.09425
533,0.10437
534,0.11482
535,0.12557
536,0.13657
537,0.14778
538,0.15918
539,0.17071
540,0.18235
541,0.19405
542,0.20577
543,0.21746
544,0.2291
545,0.24064
546,0.25204
547,0.26326
548,0.27426
549,0.28501
550,0.29546
551,0.30559
552,0.31536
553,0.32473
554,0.33367
555,0.34215
556,0.35015
557,0.35763
558,0.36456
559,0.37094
560,0.37673
561,0.38191
562,0.38646
563,0.39038
564,0.39364
565,0.39624
566,0.39816
567,0.39941
568,0.39997
569,0.39984
570,0.39903
571,0.39753
572,0.39536
573,0.39251
574,0.38901
575,0.38485
576,0.38006
577,0.37466
578,0.36865
579,0.36207
580,0.35493
581,0.34725
582,0.33907
583,0.33042
584,0.32131
585,0.31179
586,0.30189
587,0.29164
588,0.28107
589,0.27022
590,0.25914
591,0.24785
592,0.23639
593,0.22481
594,0.21315
595,0.20144
596,0.18972
597,0.17804
598,0.16644
599,0.15495
600,0.14362
601,0.13248
602,0.12157
603,0.11093
604,0.10059
605,0.090601
606,0.080983
607,0.071775
608,0.063006
609,0.054708
610,0.046909
611,0.039635
612,0.032911
613,0.026761
614,0.021205
615,0.016264
616,0.011953
617,0.008287
618,0.0052794
619,0.0029403
620,0.0012775
621,0.00029686
622,0
623,0
624,0
625,0
626,0
627,0
628,0
629,0
630,0
631,0
632,0
633,0
634,0
635,0
636,0
637,0
638,0
639,0
640,0
641,0
642,0
643,0
644,0
645,0
646,0
647,0
648,0
649,0
650,0
651,0
652,0
653,0
654,0
655,0
656,0
657,0
658,0
659,0
660,0
661,0
662,0
663,0
664,0
665,0
666,0
667,0
668,0
669,0
670,0
671,0
672,0
673,0
674,0
675,0
676,0
677,0
678,0
679,0
680,0
681,0
682,0
683,0
684,0
685,0
686,0
687,-6.91E-05
688,-0.00038612
689,-0.00095928
690,-0.0017866
691,-0.0028652
692,-0.0041914
693,-0.0057607
694,-0.0075676
695,-0.009606
696,-0.011869
697,-0.014348
698,-0.017036
699,-0.019923
700,-0.022999
701,-0.026253
702,-0.029674
703,-0.033251
704,-0.036972
705,-0.040823
706,-0.044791
707,-0.048863
708,-0.053025
709,-0.057262
710,-0.06156
711,-0.065904
712,-0.070279
713,-0.074671
714,-0.079064
715,-0.083442
716,-0.087792
717,-0.092098
718,-0.096345
719,-0.10052
720,-0.10461
721,-0.10859
722,-0.11246
723,-0.1162
724,-0.1198
725,-0.12325
726,-0.12653
727,-0.12963
728,-0.13254
729,-0.13526
730,-0.13777
731,-0.14007
732,-0.14214
733,-0.14398
734,-0.14559
735,-0.14695
736,-0.14807
737,-0.14893
738,-0.14954
739,-0.1499
740,-0.15
741,-0.14984
742,-0.14942
743,-0.14875
744,-0.14783
745,-0.14665
746,-0.14523
747,-0.14357
748,-0.14167
749,-0.13955
750,-0.1372
751,-0.13464
752,-0.13187
753,-0.12891
754,-0.12577
755,-0.12245
756,-0.11896
757,-0.11533
758,-0.11156
759,-0.10766
760,-0.10365
761,-0.099543
762,-0.095351
763,-0.091088
764,-0.086771
765,-0.082413
766,-0.078029
767,-0.073636
768,-0.069246
769,-0.064877
770,-0.060543
771,-0.056258
772,-0.052037
773,-0.047895
774,-0.043846
775,-0.039904
776,-0.036083
777,-0.032395
778,-0.028854
779,-0.02547
780,-0.022257
781,-0.019225
782,-0.016385
783,-0.013745
784,-0.011316
785,-0.0091052
786,-0.0071207
787,-0.0053693
788,-0.0038568
789,-0.0025886
790,-0.0015689
791,-0.00080125
792,-0.0002883
793,-3.18E-05
794,0
795,0
796,0
797,0
798,0
799,0
800,0
801,0
802,0
803,0
804,0
805,0
806,0
807,0
808,0
809,0
810,0
811,0
812,0
813,0
814,0
815,0
816,0
817,0
818,0
819,0
820,0
821,0
822,0
823,0
824,0
825,0
826,0
827,0
828,0
829,0
830,0
831,0
832,0
833,0
834,0
835,0
836,0
837,0
838,0
839,0
840,0
841,0
842,0
843,0
844,0
845,0
846,0
847,0
848,0
849,0
850,0
851,0
852,0
853,0
854,0
855,0
856,0
857,0
858,-3.53E-05
859,-0.0017486
860,-0.0060302
861,-0.012866
862,-0.022231
863,-0.034095
864,-0.048415
865,-0.065145
866,-0.084224
867,-0.10559
868,-0.12917
869,-0.15487
870,-0.18263
871,-0.21232
872,-0.24387
873,-0.27715
874,-0.31205
875,-0.34846
876,-0.38625
877,-0.42528
878,-0.46543
879,-0.50655
880,-0.54852
881,-0.59117
882,-0.63437
883,-0.67796
884,-0.7218
885,-0.76574
886,-0.80963
887,-0.85331
888,-0.89663
889,-0.93946
890,-0.98163
891,-1.023
892,-1.0634
893,-1.1028
894,-1.141
895,-1.1778
896,-1.2131
897,-1.2469
898,-1.2789
899,-1.3091
900,-1.3375
901,-1.3638
902,-1.3879
903,-1.4099
904,-1.4297
905,-1.4471
906,-1.4621
907,-1.4747
908,-1.4847
909,-1.4923
910,-1.4973
911,-1.4997
912,-1.4996
913,-1.4969
914,-1.4916
915,-1.4838
916,-1.4735
917,-1.4607
918,-1.4454
919,-1.4278
920,-1.4078
921,-1.3856
922,-1.3612
923,-1.3347
924,-1.3062
925,-1.2757
926,-1.2435
927,-1.2096
928,-1.1741
929,-1.1371
930,-1.0989
931,-1.0594
932,-1.0188
933,-0.97737
934,-0.93512
935,-0.89224
936,-0.84887
937,-0.80516
938,-0.76127
939,-0.71733
940,-0.67351
941,-0.62995
942,-0.5868
943,-0.54421
944,-0.50232
945,-0.46129
946,-0.42125
947,-0.38234
948,-0.34469
949,-0.30843
950,-0.27368
951,-0.24057
952,-0.20921
953,-0.17971
954,-0.15216
955,-0.12667
956,-0.10331
957,-0.082175
958,-0.063332
959,-0.046846
960,-0.032773
961,-0.021162
962,-0.012053
963,-0.0054769
964,-0.0014564
965,-5.24E-06
966,0
967,0
968,0
969,0
970,0
971,0
972,0
973,0
974,0
975,0
976,0
977,0
978,0
979,0
980,0
981,0
982,0
983,0
984,0
985,0
986,0
987,0
988,0
989,0
990,0
991,0
992,0
993,0
994,0
995,0
996,0
997,0
998,0
999,0
1000,0
1001,0
1002,0
1003,0
1004,0
1005,0
1006,0
1007,0
1008,0
1009,0
1010,0
1011,0
1012,0
1013,0
1014,0
1015,0
1016,0
1017,0
1018,0
1019,0
1020,0
1021,0
1022,0
1023,0
1024,0
1025,0
1026,0
1027,0
1028,0
1029,0
1030,0.00012306
1031,0.0008769
1032,0.0023142
1033,0.0044301
1034,0.0072173
1035,0.010666
1036,0.014765
1037,0.0195
1038,0.024854
1039,0.030809
1040,0.037345
1041,0.04444
1042,0.052068
1043,0.060204
1044,0.06882
1045,0.077886
1046,0.087372
1047,0.097244
1048,0.10747
1049,0.11801
1050,0.12883
1051,0.1399
1052,0.15118
1053,0.16262
1054,0.17419
1055,0.18585
1056,0.19756
1057,0.20927
1058,0.22095
1059,0.23257
1060,0.24407
1061,0.25542
1062,0.26657
1063,0.27751
1064,0.28817
1065,0.29853
1066,0.30855
1067,0.31821
1068,0.32745
1069,0.33626
1070,0.3446
1071,0.35244
1072,0.35976
1073,0.36653
1074,0.37273
1075,0.37834
1076,0.38334
1077,0.3877
1078,0.39142
1079,0.39449
1080,0.39689
1081,0.39861
1082,0.39965
1083,0.4
1084,0.39967
1085,0.39865
1086,0.39695
1087,0.39457
1088,0.39153
1089,0.38783
1090,0.38349
1091,0.37851
1092,0.37292
1093,0.36674
1094,0.35999
1095,0.35268
1096,0.34486
1097,0.33653
1098,0.32774
1099,0.31851
1100,0.30887
1101,0.29886
1102,0.2885
1103,0.27785
1104,0.26693
1105,0.25578
1106,0.24443
1107,0.23294
1108,0.22133
1109,0.20964
1110,0.19793
1111,0.18622
1112,0.17456
1113,0.16299
1114,0.15154
1115,0.14026
1116,0.12918
1117,0.11835
1118,0.1078
1119,0.097565
1120,0.087681
1121,0.078183
1122,0.069102
1123,0.060472
1124,0.05232
1125,0.044675
1126,0.037563
1127,0.031009
1128,0.025035
1129,0.019661
1130,0.014906
1131,0.010787
1132,0.0073171
1133,0.0045087
1134,0.0023713
1135,0.00091222
1136,0.00013652
1137,0
1138,0
1139,0
1140,0
1141,0
1142,0
1143,0
1144,0
1145,0
1146,0
1147,0
1148,0
1149,0
1150,0
1151,0
1152,0
1153,0
1154,0
1155,0
1156,0
1157,0
1158,0
1159,0
1160,0
1161,0
1162,0
1163,0
1164,0
1165,0
1166,0
1167,0
1168,0
1169,0
1170,0
1171,0
1172,0
1173,0
1174,0
1175,0
1176,0
1177,0
1178,0
1179,0
1180,0
1181,0
1182,0
1183,0
1184,0
1185,0
1186,0
1187,0
1188,0
1189,0
1190,0
1191,0
1192,0
1193,0
1194,0
1195,0
1196,0
1197,0
1198,0
1199,0
1200,0
1201,-1.31E-06
1202,-0.0013704
1203,-0.0053091
1204,-0.011804
1205,-0.020833
1206,-0.032364
1207,-0.046359
1208,-0.062769
1209,-0.081538
1210,-0.1026
1211,-0.12589
1212,-0.15132
1213,-0.1788
1214,-0.20824
1215,-0.23954
1216,-0.2726
1217,-0.30729
1218,-0.34351
1219,-0.38112
1220,-0.41999
1221,-0.46
1222,-0.501
1223,-0.54286
1224,-0.58543
1225,-0.62856
1226,-0.67211
1227,-0.71593
1228,-0.75987
1229,-0.80377
1230,-0.84748
1231,-0.89086
1232,-0.93376
1233,-0.97603
1234,-1.0175
1235,-1.0581
1236,-1.0976
1237,-1.1359
1238,-1.1729
1239,-1.2085
1240,-1.2425
1241,-1.2747
1242,-1.3052
1243,-1.3338
1244,-1.3604
1245,-1.3848
1246,-1.4071
1247,-1.4272
1248,-1.4449
1249,-1.4602
1250,-1.4731
1251,-1.4835
1252,-1.4914
1253,-1.4968
1254,-1.4996
1255,-1.4998
1256,-1.4974
1257,-1.4925
1258,-1.485
1259,-1.475
1260,-1.4625
1261,-1.4476
1262,-1.4303
1263,-1.4106
1264,-1.3887
1265,-1.3646
1266,-1.3383
1267,-1.3101
1268,-1.2799
1269,-1.2479
1270,-1.2142
1271,-1.1789
1272,-1.1422
1273,-1.104
1274,-1.0647
1275,-1.0243
1276,-0.98296
1277,-0.94081
1278,-0.89801
1279,-0.8547
1280,-0.81103
1281,-0.76714
1282,-0.7232
1283,-0.67936
1284,-0.63575
1285,-0.59254
1286,-0.54987
1287,-0.50788
1288,-0.46673
1289,-0.42654
1290,-0.38747
1291,-0.34964
1292,-0.31319
1293,-0.27824
1294,-0.2449
1295,-0.2133
1296,-0.18354
1297,-0.15573
1298,-0.12995
1299,-0.10631
1300,-0.084871
1301,-0.065717
1302,-0.048912
1303,-0.034514
1304,-0.022571
1305,-0.013125
1306,-0.0062089
1307,-0.0018456
1308,-5.02E-05
1309,0
1310,0
1311,0
1312,0
1313,0
1314,0
1315,0
1316,0
1317,0
1318,0
1319,0
1320,0
1321,0
1322,0
1323,0
1324,0
1325,0
1326,0
1327,0
1328,0
1329,0
1330,0
1331,0
1332,0
1333,0
1334,0
1335,0
1336,0
1337,0
1338,0
1339,0
1340,0
1341,0
1342,0
1343,0
1344,0
1345,0
1346,0
1347,0
1348,0
1349,0
1350,0
1351,0
1352,0
1353,0
1354,0
1355,0
1356,0
1357,0
1358,0
1359,0
1360,0
1361,0
1362,0
1363,0
1364,0
1365,0
1366,0
1367,0
1368,0
1369,0
1370,0
1371,0
1372,0
1373,-0.00055669
1374,-0.005523
1375,-0.015619
1376,-0.03081
1377,-0.051044
1378,-0.076252
1379,-0.10635
1380,-0.14122
1381,-0.18077
1382,-0.22484
1383,-0.27329
1384,-0.32594
1385,-0.38263
1386,-0.44315
1387,-0.50731
1388,-0.57486
1389,-0.6456
1390,-0.71927
1391,-0.79561
1392,-0.87438
1393,-0.95529
1394,-1.0381
1395,-1.1224
1396,-1.2081
1397,-1.2948
1398,-1.3821
1399,-1.4699
1400,-1.5578
1401,-1.6455
1402,-1.7326
1403,-1.819
1404,-1.9043
1405,-1.9882
1406,-2.0704
1407,-2.1507
1408,-2.2287
1409,-2.3043
1410,-2.377
1411,-2.4468
1412,-2.5133
1413,-2.5763
1414,-2.6357
1415,-2.6911
1416,-2.7424
1417,-2.7895
1418,-2.8322
1419,-2.8703
1420,-2.9037
1421,-2.9322
1422,-2.9559
1423,-2.9745
1424,-2.9881
1425,-2.9966
1426,-2.9999
1427,-2.9981
1428,-2.9912
1429,-2.9791
1430,-2.962
1431,-2.9398
1432,-2.9127
1433,-2.8808
1434,-2.8441
1435,-2.8028
1436,-2.757
1437,-2.7069
1438,-2.6527
1439,-2.5945
1440,-2.5325
1441,-2.4671
1442,-2.3982
1443,-2.3263
1444,-2.2516
1445,-2.1743
1446,-2.0947
1447,-2.013
1448,-1.9296
1449,-1.8447
1450,-1.7586
1451,-1.6716
1452,-1.5841
1453,-1.4962
1454,-1.4084
1455,-1.3209
1456,-1.234
1457,-1.148
1458,-1.0632
1459,-0.97989
1460,-0.89839
1461,-0.81895
1462,-0.74186
1463,-0.66736
1464,-0.59572
1465,-0.52719
1466,-0.46199
1467,-0.40036
1468,-0.3425
1469,-0.28862
1470,-0.23889
1471,-0.19349
1472,-0.15258
1473,-0.11629
1474,-0.084755
1475,-0.058074
1476,-0.036343
1477,-0.019635
1478,-0.0080092
1479,-0.0015043
1480,0
1481,0
1482,0
1483,0
1484,0
1485,0
1486,0
1487,0
1488,0
1489,0
1490,0
1491,0
1492,0
1493,0
1494,0
1495,0
1496,0
1497,0
1498,0
1499,0
1500,0
1501,0
1502,0
1503,0
1504,0
1505,0
1506,0
1507,0
1508,0
1509,0
1510,0
1511,0
1512,0
1513,0
1514,0
1515,0
1516,0
1517,0
1518,0
1519,0
1520,0
1521,0
1522,0
1523,0
1524,0
1525,0
1526,0
1527,0
1528,0
1529,0
1530,0
1531,0
1532,0
1533,0
1534,0
1535,0
1536,0
1537,0
1538,0
1539,0
1540,0
1541,0
1542,0
1543,0
1544,0
1545,-0.0010382
1546,-0.0046338
1547,-0.010788
1548,-0.019479
1549,-0.030678
1550,-0.044346
1551,-0.060436
1552,-0.078893
1553,-0.099654
1554,-0.12265
1555,-0.14779
1556,-0.17501
1557,-0.20419
1558,-0.23525
1559,-0.26808
1560,-0.30256
1561,-0.33858
1562,-0.37601
1563,-0.41472
1564,-0.45459
1565,-0.49546
1566,-0.53722
1567,-0.5797
1568,-0.62277
1569,-0.66627
1570,-0.71006
1571,-0.75399
1572,-0.7979
1573,-0.84165
1574,-0.88509
1575,-0.92806
1576,-0.97042
1577,-1.012
1578,-1.0527
1579,-1.0924
1580,-1.1309
1581,-1.1681
1582,-1.2038
1583,-1.238
1584,-1.2705
1585,-1.3012
1586,-1.3301
1587,-1.3569
1588,-1.3817
1589,-1.4043
1590,-1.4246
1591,-1.4427
1592,-1.4583
1593,-1.4715
1594,-1.4823
1595,-1.4905
1596,-1.4962
1597,-1.4993
1598,-1.4999
1599,-1.4979
1600,-1.4933
1601,-1.4862
1602,-1.4765
1603,-1.4643
1604,-1.4497
1605,-1.4327
1606,-1.4134
1607,-1.3917
1608,-1.3679
1609,-1.342
1610,-1.314
1611,-1.2841
1612,-1.2523
1613,-1.2188
1614,-1.1837
1615,-1.1472
1616,-1.1092
1617,-1.07
1618,-1.0298
1619,-0.98854
1620,-0.94649
1621,-0.90377
1622,-0.86051
1623,-0.81688
1624,-0.77302
1625,-0.72908
1626,-0.68521
1627,-0.64157
1628,-0.59829
1629,-0.55554
1630,-0.51345
1631,-0.47218
1632,-0.43186
1633,-0.39263
1634,-0.35463
1635,-0.31798
1636,-0.28282
1637,-0.24926
1638,-0.21742
1639,-0.18741
1640,-0.15933
1641,-0.13328
1642,-0.10934
1643,-0.087608
1644,-0.068145
1645,-0.051022
1646,-0.036298
1647,-0.024025
1648,-0.014243
1649,-0.0069866
1650,-0.0022807
1651,-0.00014129
1652,0
1653,0
1654,0
1655,0
1656,0
1657,0
1658,0
1659,0
1660,0
1661,0
1662,0
1663,0
1664,0
1665,0
1666,0
1667,0
1668,0
1669,0
1670,0
1671,0
1672,0
1673,0
1674,0
1675,0
1676,0
1677,0
1678,0
1679,0
1680,0
1681,0
1682,0
1683,0
1684,0
1685,0
1686,0
1687,0
1688,0
1689,0
1690,0
1691,0
1692,0
1693,0
1694,0
1695,0
1696,0
1697,0
1698,0
1699,0
1700,0
1701,0
1702,0
1703,0
1704,0
1705,0
1706,0
1707,0
1708,0
1709,0
1710,0
1711,0
1712,0
1713,0
1714,0
1715,0
1716,0.00028245
1717,0.0045608
1718,0.013972
1719,0.028485
1720,0.048048
1721,0.072595
1722,0.10204
1723,0.13629
1724,0.17521
1725,0.21869
1726,0.26656
1727,0.31866
1728,0.37482
1729,0.43484
1730,0.49852
1731,0.56564
1732,0.63596
1733,0.70925
1734,0.78525
1735,0.86371
1736,0.94435
1737,1.0269
1738,1.1111
1739,1.1966
1740,1.2831
1741,1.3704
1742,1.4582
1743,1.546
1744,1.6338
1745,1.721
1746,1.8075
1747,1.893
1748,1.9771
1749,2.0595
1750,2.1401
1751,2.2184
1752,2.2943
1753,2.3675
1754,2.4376
1755,2.5046
1756,2.5681
1757,2.6279
1758,2.6839
1759,2.7358
1760,2.7835
1761,2.8267
1762,2.8655
1763,2.8995
1764,2.9287
1765,2.953
1766,2.9723
1767,2.9866
1768,2.9958
1769,2.9998
1770,2.9987
1771,2.9924
1772,2.981
1773,2.9646
1774,2.9431
1775,2.9166
1776,2.8853
1777,2.8493
1778,2.8086
1779,2.7634
1780,2.7139
1781,2.6602
1782,2.6025
1783,2.541
1784,2.476
1785,2.4076
1786,2.3361
1787,2.2618
1788,2.1848
1789,2.1055
1790,2.0241
1791,1.9408
1792,1.8561
1793,1.7702
1794,1.6833
1795,1.5958
1796,1.508
1797,1.4201
1798,1.3325
1799,1.2455
1800,1.1594
1801,1.0744
1802,0.99094
1803,0.90918
1804,0.82945
1805,0.75202
1806,0.67716
1807,0.60513
1808,0.53617
1809,0.47051
1810,0.40839
1811,0.35002
1812,0.29559
1813,0.2453
1814,0.19931
1815,0.15779
1816,0.12087
1817,0.088694
1818,0.061358
1819,0.03896
1820,0.021577
1821,0.0092683
1822,0.0020767
1823,0
1824,0
1825,0
1826,0
1827,0
1828,0
1829,0
1830,0
1831,0
1832,0
1833,0
1834,0
1835,0
1836,0
1837,0
1838,0
1839,0
1840,0
1841,0
1842,0
1843,0
1844,0
1845,0
1846,0
1847,0
1848,0
1849,0
1850,0
1851,0
1852,0
1853,0
1854,0
1855,0
1856,0
1857,0
1858,0
1859,0
1860,0
1861,0
1862,0
1863,0
1864,0
1865,0
1866,0
1867,0
1868,0
1869,0
1870,0
1871,0
1872,0
1873,0
1874,0
1875,0
1876,0
1877,0
1878,0
1879,0
1880,0
1881,0
1882,0
1883,0
1884,0
1885,0
1886,0
1887,0
1888,0.0003008
1889,0.0016017
1890,0.0039268
1891,0.0072682
1892,0.011614
1893,0.016951
1894,0.023258
1895,0.030516
1896,0.038698
1897,0.047778
1898,0.057723
1899,0.0685
1900,0.080071
1901,0.092398
1902,0.10544
1903,0.11914
1904,0.13347
1905,0.14837
1906,0.16379
1907,0.17968
1908,0.19598
1909,0.21263
1910,0.22959
1911,0.24679
1912,0.26417
1913,0.28168
1914,0.29924
1915,0.31681
1916,0.33433
1917,0.35172
1918,0.36894
1919,0.38592
1920,0.4026
1921,0.41894
1922,0.43486
1923,0.45032
1924,0.46527
1925,0.47965
1926,0.49341
1927,0.50651
1928,0.5189
1929,0.53053
1930,0.54138
1931,0.5514
1932,0.56056
1933,0.56882
1934,0.57615
1935,0.58254
1936,0.58796
1937,0.5924
1938,0.59583
1939,0.59824
1940,0.59963
1941,0.59999
1942,0.59932
1943,0.59762
1944,0.59491
1945,0.59118
1946,0.58645
1947,0.58073
1948,0.57406
1949,0.56644
1950,0.55791
1951,0.54849
1952,0.53822
1953,0.52713
1954,0.51527
1955,0.50266
1956,0.48936
1957,0.47541
1958,0.46085
1959,0.44575
1960,0.43014
1961,0.41409
1962,0.39764
1963,0.38086
1964,0.36381
1965,0.34653
1966,0.32909
1967,0.31156
1968,0.29398
1969,0.27643
1970,0.25895
1971,0.24162
1972,0.22449
1973,0.20762
1974,0.19106
1975,0.17488
1976,0.15912
1977,0.14385
1978,0.12912
1979,0.11497
1980,0.10146
1981,0.088632
1982,0.076527
1983,0.065189
1984,0.054658
1985,0.044968
1986,0.036154
1987,0.028246
1988,0.02127
1989,0.015251
1990,0.010209
1991,0.0061623
1992,0.003124
1993,0.0011047
1994,0.00011137
1995,0
1996,0
1997,0
1998,0
1999,0
2000,0
2001,0
2002,0
2003,0
2004,0
2005,0
2006,0
2007,0
2008,0
2009,0
2010,0
2011,0
2012,0
2013,0
2014,0
2015,0
2016,0
2017,0
2018,0
2019,0
2020,0
2021,0
2022,0
2023,0
2024,0
2025,0
2026,0
2027,0
2028,0
2029,0
2030,0
2031,0
2032,0
2033,0
2034,0
2035,0
2036,0
2037,0
2038,0
2039,0
2040,0
2041,0
2042,0
2043,0
2044,0
2045,0
2046,0
2047,0
2048,0
2049,0
2050,0
2051,0
2052,0
2053,0
2054,0
2055,0
2056,0
2057,0
2058,0
2059,-5.02E-06
2060,-0.00018453
2061,-0.00062085
2062,-0.0013125
2063,-0.002257
2064,-0.0034513
2065,-0.0048911
2066,-0.0065716
2067,-0.0084869
2068,-0.010631
2069,-0.012995
2070,-0.015573
2071,-0.018354
2072,-0.02133
2073,-0.02449
2074,-0.027823
2075,-0.031319
2076,-0.034964
2077,-0.038747
2078,-0.042654
2079,-0.046672
2080,-0.050788
2081,-0.054986
2082,-0.059254
2083,-0.063575
2084,-0.067935
2085,-0.07232
2086,-0.076714
2087,-0.081102
2088,-0.085469
2089,-0.089801
2090,-0.094081
2091,-0.098296
2092,-0.10243
2093,-0.10647
2094,-0.1104
2095,-0.11422
2096,-0.11789
2097,-0.12142
2098,-0.12479
2099,-0.12799
2100,-0.13101
2101,-0.13383
2102,-0.13646
2103,-0.13887
2104,-0.14106
2105,-0.14303
2106,-0.14476
2107,-0.14625
2108,-0.1475
2109,-0.1485
2110,-0.14925
2111,-0.14974
2112,-0.14998
2113,-0.14996
2114,-0.14968
2115,-0.14914
2116,-0.14835
2117,-0.14731
2118,-0.14602
2119,-0.14449
2120,-0.14272
2121,-0.14071
2122,-0.13848
2123,-0.13604
2124,-0.13338
2125,-0.13052
2126,-0.12747
2127,-0.12425
2128,-0.12085
2129,-0.11729
2130,-0.11359
2131,-0.10976
2132,-0.10581
2133,-0.10175
2134,-0.097603
2135,-0.093377
2136,-0.089087
2137,-0.084749
2138,-0.080377
2139,-0.075987
2140,-0.071593
2141,-0.067212
2142,-0.062857
2143,-0.058543
2144,-0.054286
2145,-0.050101
2146,-0.046
2147,-0.041999
2148,-0.038112
2149,-0.034351
2150,-0.03073
2151,-0.02726
2152,-0.023955
2153,-0.020824
2154,-0.01788
2155,-0.015132
2156,-0.012589
2157,-0.01026
2158,-0.008154
2159,-0.0062771
2160,-0.004636
2161,-0.0032365
2162,-0.0020833
2163,-0.0011805
2164,-0.00053095
2165,-0.00013706
2166,-1.31E-07
2167,0
2168,0
2169,0
2170,0
2171,0
2172,0
2173,0
2174,0
2175,0
2176,0
2177,0
2178,0
2179,0
2180,0
2181,0
2182,0
2183,0
2184,0
2185,0
2186,0
2187,0
2188,0
2189,0
2190,0
2191,0
2192,0
2193,0
2194,0
2195,0
2196,0
2197,0
2198,0
2199,0
2200,0
2201,0
2202,0
2203,0
2204,0
2205,0
2206,0
2207,0
2208,0
2209,0
2210,0
2211,0
2212,0
2213,0
2214,0
2215,0
2216,0
2217,0
2218,0
2219,0
2220,0
2221,0
2222,0
2223,0
2224,0
2225,0
2226,0
2227,0
2228,0
2229,0
2230,0
2231,-0.00020474
2232,-0.0013682
2233,-0.0035567
2234,-0.0067628
2235,-0.010975
2236,-0.01618
2237,-0.022359
2238,-0.029491
2239,-0.037551
2240,-0.046512
2241,-0.056344
2242,-0.067011
2243,-0.078479
2244,-0.090707
2245,-0.10365
2246,-0.11727
2247,-0.13152
2248,-0.14635
2249,-0.1617
2250,-0.17753
2251,-0.19377
2252,-0.21039
2253,-0.22731
2254,-0.24448
2255,-0.26184
2256,-0.27933
2257,-0.29689
2258,-0.31447
2259,-0.33199
2260,-0.3494
2261,-0.36665
2262,-0.38366
2263,-0.40039
2264,-0.41677
2265,-0.43276
2266,-0.44828
2267,-0.4633
2268,-0.47776
2269,-0.49161
2270,-0.5048
2271,-0.51728
2272,-0.52902
2273,-0.53998
2274,-0.55011
2275,-0.55938
2276,-0.56776
2277,-0.57523
2278,-0.58175
2279,-0.5873
2280,-0.59186
2281,-0.59543
2282,-0.59797
2283,-0.5995
2284,-0.6
2285,-0.59947
2286,-0.59791
2287,-0.59533
2288,-0.59173
2289,-0.58714
2290,-0.58155
2291,-0.575
2292,-0.56751
2293,-0.5591
2294,-0.5498
2295,-0.53964
2296,-0.52866
2297,-0.5169
2298,-0.50439
2299,-0.49118
2300,-0.47731
2301,-0.46283
2302,-0.4478
2303,-0.43226
2304,-0.41626
2305,-0.39986
2306,-0.38313
2307,-0.3661
2308,-0.34885
2309,-0.33143
2310,-0.31391
2311,-0.29633
2312,-0.27877
2313,-0.26128
2314,-0.24393
2315,-0.22677
2316,-0.20986
2317,-0.19325
2318,-0.17702
2319,-0.1612
2320,-0.14587
2321,-0.13106
2322,-0.11683
2323,-0.10323
2324,-0.090307
2325,-0.078103
2326,-0.06666
2327,-0.056019
2328,-0.046214
2329,-0.037281
2330,-0.02925
2331,-0.022148
2332,-0.016
2333,-0.010826
2334,-0.0066455
2335,-0.0034716
2336,-0.0013155
2337,-0.00018464
2338,0
2339,0
2340,0
2341,0
2342,0
2343,0
2344,0
2345,0
2346,0
2347,0
2348,0
2349,0
2350,0
2351,0
2352,0
2353,0
2354,0
2355,0
2356,0
2357,0
2358,0
2359,0
2360,0
2361,0
2362,0
2363,0
2364,0
2365,0
2366,0
2367,0
2368,0
2369,0
2370,0
2371,0
2372,0
2373,0
2374,0
2375,0
2376,0
2377,0
2378,0
2379,0
2380,0
2381,0
2382,0
2383,0
2384,0
2385,0
2386,0
2387,0
2388,0
2389,0
2390,0
2391,0
2392,0
2393,0
2394,0
2395,0
2396,0
2397,0
2398,0
2399,0
2400,0
2401,0
2402,5.22E-07
2403,0.00014562
2404,0.00054765
2405,0.0012052
2406,0.0021161
2407,0.0032772
2408,0.0046844
2409,0.006333
2410,0.0082173
2411,0.010331
2412,0.012666
2413,0.015216
2414,0.017971
2415,0.020921
2416,0.024057
2417,0.027368
2418,0.030842
2419,0.034468
2420,0.038233
2421,0.042125
2422,0.046129
2423,0.050232
2424,0.05442
2425,0.058679
2426,0.062994
2427,0.06735
2428,0.071733
2429,0.076126
2430,0.080516
2431,0.084887
2432,0.089224
2433,0.093512
2434,0.097736
2435,0.10188
2436,0.10594
2437,0.10989
2438,0.11371
2439,0.11741
2440,0.12096
2441,0.12435
2442,0.12757
2443,0.13062
2444,0.13347
2445,0.13612
2446,0.13856
2447,0.14078
2448,0.14278
2449,0.14454
2450,0.14607
2451,0.14735
2452,0.14838
2453,0.14916
2454,0.14969
2455,0.14996
2456,0.14997
2457,0.14973
2458,0.14923
2459,0.14847
2460,0.14747
2461,0.14621
2462,0.14471
2463,0.14297
2464,0.14099
2465,0.13879
2466,0.13638
2467,0.13375
2468,0.13092
2469,0.12789
2470,0.12469
2471,0.12131
2472,0.11778
2473,0.1141
2474,0.11028
2475,0.10634
2476,0.1023
2477,0.098163
2478,0.093946
2479,0.089664
2480,0.085331
2481,0.080963
2482,0.076575
2483,0.072181
2484,0.067797
2485,0.063437
2486,0.059117
2487,0.054852
2488,0.050656
2489,0.046543
2490,0.042528
2491,0.038625
2492,0.034846
2493,0.031206
2494,0.027715
2495,0.024387
2496,0.021233
2497,0.018263
2498,0.015488
2499,0.012917
2500,0.010559
2501,0.0084226
2502,0.0065146
2503,0.0048417
2504,0.0034096
2505,0.0022232
2506,0.0012866
2507,0.00060306
2508,0.00017488
2509,3.54E-06
2510,0
2511,0
2512,0
2513,0
2514,0
2515,0
2516,0
2517,0
2518,0
2519,0
2520,0
2521,0
2522,0
2523,0
2524,0
2525,0
2526,0
2527,0
2528,0
2529,0
2530,0
2531,0
2532,0
2533,0
2534,0
2535,0
2536,0
2537,0
2538,0
2539,0
2540,0
2541,0
2542,0
2543,0
2544,0
2545,0
2546,0
2547,0
2548,0
2549,0
2550,0
2551,0
2552,0
2553,0
2554,0
2555,0
2556,0
2557,0
2558,0
2559,0
2560,0
2561,0
2562,0
2563,0
2564,0
2565,0
2566,0
2567,0
2568,0
2569,0
2570,0
2571,0
2572,0
2573,0
2574,-3.18E-05
2575,-0.00028827
2576,-0.0008012
2577,-0.0015688
2578,-0.0025885
2579,-0.0038567
2580,-0.0053692
2581,-0.0071206
2582,-0.009105
2583,-0.011316
2584,-0.013745
2585,-0.016384
2586,-0.019225
2587,-0.022257
2588,-0.02547
2589,-0.028853
2590,-0.032395
2591,-0.036083
2592,-0.039904
2593,-0.043846
2594,-0.047895
2595,-0.052037
2596,-0.056257
2597,-0.060542
2598,-0.064877
2599,-0.069246
2600,-0.073635
2601,-0.078029
2602,-0.082412
2603,-0.08677
2604,-0.091088
2605,-0.09535
2606,-0.099543
2607,-0.10365
2608,-0.10766
2609,-0.11156
2610,-0.11533
2611,-0.11896
2612,-0.12245
2613,-0.12577
2614,-0.12891
2615,-0.13187
2616,-0.13464
2617,-0.1372
2618,-0.13955
2619,-0.14167
2620,-0.14357
2621,-0.14523
2622,-0.14665
2623,-0.14783
2624,-0.14875
2625,-0.14942
2626,-0.14984
2627,-0.15
2628,-0.1499
2629,-0.14954
2630,-0.14893
2631,-0.14807
2632,-0.14695
2633,-0.14559
2634,-0.14398
2635,-0.14214
2636,-0.14007
2637,-0.13777
2638,-0.13526
2639,-0.13254
2640,-0.12963
2641,-0.12653
2642,-0.12325
2643,-0.1198
2644,-0.1162
2645,-0.11246
2646,-0.10859
2647,-0.10461
2648,-0.10052
2649,-0.096346
2650,-0.092098
2651,-0.087793
2652,-0.083443
2653,-0.079064
2654,-0.074671
2655,-0.07028
2656,-0.065904
2657,-0.06156
2658,-0.057262
2659,-0.053025
2660,-0.048863
2661,-0.044791
2662,-0.040823
2663,-0.036972
2664,-0.033252
2665,-0.029675
2666,-0.026253
2667,-0.022999
2668,-0.019923
2669,-0.017036
2670,-0.014349
2671,-0.011869
2672,-0.0096061
2673,-0.0075677
2674,-0.0057608
2675,-0.0041915
2676,-0.0028653
2677,-0.0017867
2678,-0.00095934
2679,-0.00038616
2680,-6.91E-05
2681,0
2682,0
2683,0
2684,0
2685,0
2686,0
2687,0
2688,0
2689,0
2690,0
2691,0
2692,0
2693,0
2694,0
2695,0
2696,0
2697,0
2698,0
2699,0
2700,0
2701,0
2702,0
2703,0
2704,0
2705,0
2706,0
2707,0
2708,0
2709,0
2710,0
2711,0
2712,0
2713,0
2714,0
2715,0
2716,0
2717,0
2718,0
2719,0
2720,0
2721,0
2722,0
2723,0
2724,0
2725,0
2726,0
2727,0
2728,0
2729,0
2730,0
2731,0
2732,0
2733,0
2734,0
2735,0
2736,0
2737,0
2738,0
2739,0
2740,0
2741,0
2742,0
2743,0
2744,0
2745,0
2746,-0.00029682
2747,-0.0012774
2748,-0.0029401
2749,-0.0052792
2750,-0.0082867
2751,-0.011952
2752,-0.016263
2753,-0.021205
2754,-0.02676
2755,-0.03291
2756,-0.039634
2757,-0.046908
2758,-0.054708
2759,-0.063006
2760,-0.071774
2761,-0.080983
2762,-0.0906
2763,-0.10059
2764,-0.11093
2765,-0.12157
2766,-0.13247
2767,-0.14362
2768,-0.15495
2769,-0.16644
2770,-0.17804
2771,-0.18972
2772,-0.20144
2773,-0.21315
2774,-0.22481
2775,-0.23639
2776,-0.24784
2777,-0.25913
2778,-0.27022
2779,-0.28107
2780,-0.29164
2781,-0.30189
2782,-0.31179
2783,-0.32131
2784,-0.33042
2785,-0.33907
2786,-0.34725
2787,-0.35492
2788,-0.36207
2789,-0.36865
2790,-0.37466
2791,-0.38006
2792,-0.38485
2793,-0.38901
2794,-0.39251
2795,-0.39536
2796,-0.39753
2797,-0.39903
2798,-0.39984
2799,-0.39997
2800,-0.39941
2801,-0.39816
2802,-0.39624
2803,-0.39364
2804,-0.39038
2805,-0.38646
2806,-0.38191
2807,-0.37673
2808,-0.37094
2809,-0.36457
2810,-0.35763
2811,-0.35015
2812,-0.34215
2813,-0.33367
2814,-0.32473
2815,-0.31536
2816,-0.30559
2817,-0.29546
2818,-0.28501
2819,-0.27426
2820,-0.26326
2821,-0.25204
2822,-0.24064
2823,-0.2291
2824,-0.21746
2825,-0.20577
2826,-0.19405
2827,-0.18235
2828,-0.17072
2829,-0.15918
2830,-0.14778
2831,-0.13657
2832,-0.12557
2833,-0.11482
2834,-0.10437
2835,-0.094251
2836,-0.084491
2837,-0.075128
2838,-0.066193
2839,-0.057718
2840,-0.04973
2841,-0.042259
2842,-0.035329
2843,-0.028965
2844,-0.023187
2845,-0.018017
2846,-0.013471
2847,-0.0095653
2848,-0.0063133
2849,-0.0037261
2850,-0.0018127
2851,-0.00057947
2852,-3.08E-05
2853,0
2854,0
2855,0
2856,0
2857,0
2858,0
2859,0
2860,0
2861,0
2862,0
2863,0
2864,0
2865,0
2866,0
2867,0
2868,0
2869,0
2870,0
2871,0
2872,0
2873,0
2874,0
2875,0
2876,0
2877,0
2878,0
2879,0
2880,0
2881,0
2882,0
2883,0
2884,0
2885,0
2886,0
2887,0
2888,0
2889,0
2890,0
2891,0
2892,0
2893,0
2894,0
2895,0
2896,0
2897,0
2898,0
2899,0
2900,0
2901,0
2902,0
2903,0
2904,0
2905,0
2906,0
2907,0
2908,0
2909,0
2910,0
2911,0
2912,0
2913,0
2914,0
2915,0
2916,0
2917,-0.00033933
2918,-0.0047814
2919,-0.014356
2920,-0.02903
2921,-0.048752
2922,-0.073457
2923,-0.10306
2924,-0.13745
2925,-0.17653
2926,-0.22014
2927,-0.26815
2928,-0.32039
2929,-0.37667
2930,-0.43682
2931,-0.50061
2932,-0.56783
2933,-0.63825
2934,-0.71163
2935,-0.78771
2936,-0.86624
2937,-0.94695
2938,-1.0296
2939,-1.1138
2940,-1.1993
2941,-1.2859
2942,-1.3732
2943,-1.461
2944,-1.5488
2945,-1.6365
2946,-1.7238
2947,-1.8103
2948,-1.8957
2949,-1.9797
2950,-2.0621
2951,-2.1426
2952,-2.2209
2953,-2.2967
2954,-2.3697
2955,-2.4398
2956,-2.5067
2957,-2.5701
2958,-2.6298
2959,-2.6856
2960,-2.7374
2961,-2.7849
2962,-2.8281
2963,-2.8666
2964,-2.9005
2965,-2.9295
2966,-2.9537
2967,-2.9729
2968,-2.987
2969,-2.996
2970,-2.9998
2971,-2.9986
2972,-2.9921
2973,-2.9806
2974,-2.964
2975,-2.9423
2976,-2.9157
2977,-2.8842
2978,-2.848
2979,-2.8072
2980,-2.7619
2981,-2.7122
2982,-2.6584
2983,-2.6006
2984,-2.539
2985,-2.4739
2986,-2.4054
2987,-2.3338
2988,-2.2594
2989,-2.1823
2990,-2.1029
2991,-2.0214
2992,-1.9382
2993,-1.8534
2994,-1.7674
2995,-1.6805
2996,-1.593
2997,-1.5052
2998,-1.4173
2999,-1.3298
3000,-1.2428
3001,-1.1567
3002,-1.0718
3003,-0.98831
3004,-0.90661
3005,-0.82695
3006,-0.7496
3007,-0.67483
3008,-0.60289
3009,-0.53403
3010,-0.46848
3011,-0.40647
3012,-0.34822
3013,-0.29392
3014,-0.24377
3015,-0.19792
3016,-0.15654
3017,-0.11978
3018,-0.087749
3019,-0.060569
3020,-0.038329
3021,-0.021107
3022,-0.0089604
3023,-0.0019322
3024,0
3025,0
3026,0
3027,0
3028,0
3029,0
3030,0
3031,0
3032,0
3033,0
3034,0
3035,0
3036,0
3037,0
3038,0
3039,0
3040,0
3041,0
3042,0
3043,0
3044,0
3045,0
3046,0
3047,0
3048,0
3049,0
3050,0
3051,0
3052,0
3053,0
3054,0
3055,0
3056,0
3057,0
3058,0
3059,0
3060,0
3061,0
3062,0
3063,0
3064,0
3065,0
3066,0
3067,0
3068,0
3069,0
3070,0
3071,0
3072,0
3073,0
3074,0
3075,0
3076,0
3077,0
3078,0
3079,0
3080,0
3081,0
3082,0
3083,0
3084,0
3085,0
3086,0
3087,0
3088,0
3089,-0.00032637
3090,-0.0016599
3091,-0.0040176
3092,-0.0073911
3093,-0.011769
3094,-0.017136
3095,-0.023475
3096,-0.030762
3097,-0.038974
3098,-0.048081
3099,-0.058053
3100,-0.068856
3101,-0.080452
3102,-0.092802
3103,-0.10586
3104,-0.11959
3105,-0.13394
3106,-0.14885
3107,-0.16429
3108,-0.18019
3109,-0.1965
3110,-0.21317
3111,-0.23014
3112,-0.24734
3113,-0.26473
3114,-0.28223
3115,-0.2998
3116,-0.31737
3117,-0.33488
3118,-0.35227
3119,-0.36948
3120,-0.38645
3121,-0.40313
3122,-0.41945
3123,-0.43536
3124,-0.45081
3125,-0.46574
3126,-0.48009
3127,-0.49384
3128,-0.50691
3129,-0.51928
3130,-0.53089
3131,-0.54171
3132,-0.5517
3133,-0.56083
3134,-0.56906
3135,-0.57637
3136,-0.58273
3137,-0.58812
3138,-0.59252
3139,-0.59592
3140,-0.5983
3141,-0.59965
3142,-0.59998
3143,-0.59928
3144,-0.59755
3145,-0.5948
3146,-0.59104
3147,-0.58628
3148,-0.58054
3149,-0.57383
3150,-0.56618
3151,-0.55762
3152,-0.54818
3153,-0.53788
3154,-0.52677
3155,-0.51488
3156,-0.50225
3157,-0.48892
3158,-0.47495
3159,-0.46038
3160,-0.44526
3161,-0.42964
3162,-0.41357
3163,-0.39711
3164,-0.38032
3165,-0.36326
3166,-0.34598
3167,-0.32854
3168,-0.311
3169,-0.29342
3170,-0.27587
3171,-0.2584
3172,-0.24107
3173,-0.22395
3174,-0.20708
3175,-0.19054
3176,-0.17437
3177,-0.15863
3178,-0.14338
3179,-0.12866
3180,-0.11453
3181,-0.10104
3182,-0.088235
3183,-0.076154
3184,-0.064842
3185,-0.054336
3186,-0.044674
3187,-0.035888
3188,-0.028009
3189,-0.021063
3190,-0.015075
3191,-0.010065
3192,-0.00605
3193,-0.003044
3194,-0.0010573
3195,-9.67E-05
3196,0
3197,0
3198,0
3199,0
3200,0
3201,0
3202,0
3203,0
3204,0
3205,0
3206,0
3207,0
3208,0
3209,0
3210,0
3211,0
3212,0
3213,0
3214,0
3215,0
3216,0
3217,0
3218,0
3219,0
3220,0
3221,0
3222,0
3223,0
3224,0
3225,0
3226,0
3227,0
3228,0
3229,0
3230,0
3231,0
3232,0
3233,0
3234,0
3235,0
3236,0
3237,0
3238,0
3239,0
3240,0
3241,0
3242,0
3243,0
3244,0
3245,0
3246,0
3247,0
3248,0
3249,0
3250,0
3251,0
3252,0
3253,0
3254,0
3255,0
3256,0
3257,0
3258,0
3259,0
3260,1.81E-05
3261,0.00051858
3262,0.0017038
3263,0.0035697
3264,0.0061099
3265,0.0093155
3266,0.013176
3267,0.017677
3268,0.022804
3269,0.02854
3270,0.034864
3271,0.041755
3272,0.049189
3273,0.057141
3274,0.065583
3275,0.074486
3276,0.08382
3277,0.093553
3278,0.10365
3279,0.11408
3280,0.1248
3281,0.13579
3282,0.14699
3283,0.15837
3284,0.1699
3285,0.18153
3286,0.19323
3287,0.20494
3288,0.21664
3289,0.22829
3290,0.23983
3291,0.25124
3292,0.26248
3293,0.2735
3294,0.28426
3295,0.29474
3296,0.30489
3297,0.31468
3298,0.32408
3299,0.33306
3300,0.34157
3301,0.3496
3302,0.35712
3303,0.3641
3304,0.37051
3305,0.37634
3306,0.38156
3307,0.38616
3308,0.39012
3309,0.39343
3310,0.39608
3311,0.39805
3312,0.39934
3313,0.39995
3314,0.39987
3315,0.39911
3316,0.39766
3317,0.39553
3318,0.39273
3319,0.38927
3320,0.38516
3321,0.38042
3322,0.37506
3323,0.36909
3324,0.36255
3325,0.35544
3326,0.34781
3327,0.33966
3328,0.33104
3329,0.32197
3330,0.31247
3331,0.3026
3332,0.29237
3333,0.28182
3334,0.27099
3335,0.25992
3336,0.24864
3337,0.2372
3338,0.22563
3339,0.21397
3340,0.20226
3341,0.19054
3342,0.17886
3343,0.16725
3344,0.15575
3345,0.14441
3346,0.13325
3347,0.12232
3348,0.11166
3349,0.10131
3350,0.09129
3351,0.081645
3352,0.072407
3353,0.063606
3354,0.055274
3355,0.047439
3356,0.040127
3357,0.033364
3358,0.027173
3359,0.021575
3360,0.01659
3361,0.012234
3362,0.0085227
3363,0.0054686
3364,0.0030823
3365,0.0013719
3366,0.00034331
3367,2.75E-10
3368,0
3369,0
3370,0
3371,0
3372,0
3373,0
3374,0
3375,0
3376,0
3377,0
3378,0
3379,0
3380,0
3381,0
3382,0
3383,0
3384,0
3385,0
3386,0
3387,0
3388,0
3389,0
3390,0
3391,0
3392,0
3393,0
3394,0
3395,0
3396,0
3397,0
3398,0
3399,0
3400,0
3401,0
3402,0
3403,0
3404,0
3405,0
3406,0
3407,0
3408,0
3409,0
3410,0
3411,0
3412,0
3413,0
3414,0
3415,0
3416,0
3417,0
3418,0
3419,0
3420,0
3421,0
3422,0
3423,0
3424,0
3425,0
3426,0
3427,0
3428,0
3429,0
3430,0
3431,0
3432,0.00086837
3433,0.0053617
3434,0.01367
3435,0.025764
3436,0.041602
3437,0.061131
3438,0.084282
3439,0.11098
3440,0.14113
3441,0.17462
3442,0.21135
3443,0.25119
3444,0.294
3445,0.33963
3446,0.38793
3447,0.43873
3448,0.49185
3449,0.54712
3450,0.60435
3451,0.66334
3452,0.72388
3453,0.78577
3454,0.84879
3455,0.91274
3456,0.97738
3457,1.0425
3458,1.1079
3459,1.1733
3460,1.2385
3461,1.3033
3462,1.3675
3463,1.4307
3464,1.493
3465,1.5539
3466,1.6133
3467,1.671
3468,1.7268
3469,1.7806
3470,1.832
3471,1.881
3472,1.9274
3473,1.9709
3474,2.0116
3475,2.0492
3476,2.0835
3477,2.1146
3478,2.1422
3479,2.1663
3480,2.1868
3481,2.2037
3482,2.2168
3483,2.2261
3484,2.2316
3485,2.2333
3486,2.2312
3487,2.2252
3488,2.2154
3489,2.2019
3490,2.1846
3491,2.1637
3492,2.1392
3493,2.1111
3494,2.0797
3495,2.0449
3496,2.007
3497,1.966
3498,1.9221
3499,1.8754
3500,1.8261
3501,1.7744
3502,1.7204
3503,1.6644
3504,1.6064
3505,1.5468
3506,1.4858
3507,1.4234
3508,1.36
3509,1.2958
3510,1.2309
3511,1.1657
3512,1.1002
3513,1.0349
3514,0.9698
3515,0.90523
3516,0.84138
3517,0.77847
3518,0.71673
3519,0.65636
3520,0.59757
3521,0.54056
3522,0.48553
3523,0.43267
3524,0.38215
3525,0.33415
3526,0.28885
3527,0.24638
3528,0.2069
3529,0.17054
3530,0.13743
3531,0.10768
3532,0.081393
3533,0.058661
3534,0.03956
3535,0.024157
3536,0.012503
3537,0.0046396
3538,0.00059309
3539,0
3540,0
3541,0
3542,0
3543,0
3544,0
3545,0
3546,0
3547,0
3548,0
3549,0
3550,0
3551,0
3552,0
3553,0
3554,0
3555,0
3556,0
3557,0
3558,0
3559,0
3560,0
3561,0
3562,0
3563,0
3564,0
3565,0
3566,0
3567,0
3568,0
3569,0
3570,0
3571,0
3572,0
3573,0
3574,0
3575,0
3576,0
3577,0
3578,0
3579,0
3580,0
3581,0
3582,0
3583,0
3584,0
3585,0
3586,0
3587,0
3588,0
3589,0
3590,0
3591,0
3592,0
3593,0
3594,0
3595,0
3596,0
3597,0
3598,0
3599,0
3600,0
3601,0
3602,0
3603,2.16E-05
3604,0.002345
3605,0.0084932
3606,0.018445
3607,0.032167
3608,0.049611
3609,0.070718
3610,0.095415
3611,0.12362
3612,0.15523
3613,0.19014
3614,0.22823
3615,0.26937
3616,0.31342
3617,0.36023
3618,0.40963
3619,0.46146
3620,0.51554
3621,0.57168
3622,0.62969
3623,0.68938
3624,0.75053
3625,0.81294
3626,0.87639
3627,0.94066
3628,1.0055
3629,1.0708
3630,1.1362
3631,1.2016
3632,1.2666
3633,1.3312
3634,1.395
3635,1.4578
3636,1.5195
3637,1.5798
3638,1.6385
3639,1.6954
3640,1.7504
3641,1.8031
3642,1.8535
3643,1.9014
3644,1.9466
3645,1.9889
3646,2.0282
3647,2.0645
3648,2.0974
3649,2.127
3650,2.1531
3651,2.1757
3652,2.1946
3653,2.2098
3654,2.2213
3655,2.229
3656,2.2328
3657,2.2329
3658,2.2291
3659,2.2215
3660,2.21
3661,2.1949
3662,2.176
3663,2.1535
3664,2.1275
3665,2.0979
3666,2.065
3667,2.0289
3668,1.9896
3669,1.9473
3670,1.9022
3671,1.8544
3672,1.804
3673,1.7513
3674,1.6964
3675,1.6395
3676,1.5808
3677,1.5206
3678,1.4589
3679,1.3961
3680,1.3323
3681,1.2677
3682,1.2027
3683,1.1373
3684,1.0719
3685,1.0066
3686,0.94176
3687,0.87747
3688,0.814
3689,0.75158
3690,0.6904
3691,0.63069
3692,0.57265
3693,0.51647
3694,0.46236
3695,0.41049
3696,0.36104
3697,0.31419
3698,0.27009
3699,0.2289
3700,0.19076
3701,0.15579
3702,0.12412
3703,0.095863
3704,0.071106
3705,0.049938
3706,0.032431
3707,0.018646
3708,0.0086301
3709,0.0024173
3710,2.91E-05
3711,0
3712,0
3713,0
3714,0
3715,0
3716,0
3717,0
3718,0
3719,0
3720,0
3721,0
3722,0
3723,0
3724,0
3725,0
3726,0
3727,0
3728,0
3729,0
3730,0
3731,0
3732,0
3733,0
3734,0
3735,0
3736,0
3737,0
3738,0
3739,0
3740,0
3741,0
3742,0
3743,0
3744,0
3745,0
3746,0
3747,0
3748,0
3749,0
3750,0
3751,0
3752,0
3753,0
3754,0
3755,0
3756,0
3757,0
3758,0
3759,0
3760,0
3761,0
3762,0
3763,0
3764,0
3765,0
3766,0
3767,0
3768,0
3769,0
3770,0
3771,0
3772,0
3773,0
3774,0
3775,0.00055756
3776,0.0045393
3777,0.012338
3778,0.023928
3779,0.039268
3780,0.058307
3781,0.080978
3782,0.1072
3783,0.1369
3784,0.16995
3785,0.20625
3786,0.24568
3787,0.2881
3788,0.33336
3789,0.38132
3790,0.43179
3791,0.48462
3792,0.53961
3793,0.59659
3794,0.65535
3795,0.7157
3796,0.77742
3797,0.8403
3798,0.90414
3799,0.9687
3800,1.0338
3801,1.0991
3802,1.1645
3803,1.2298
3804,1.2947
3805,1.3589
3806,1.4223
3807,1.4847
3808,1.5458
3809,1.6055
3810,1.6634
3811,1.7195
3812,1.7735
3813,1.8253
3814,1.8746
3815,1.9213
3816,1.9653
3817,2.0063
3818,2.0443
3819,2.0791
3820,2.1106
3821,2.1387
3822,2.1633
3823,2.1843
3824,2.2016
3825,2.2153
3826,2.2251
3827,2.2311
3828,2.2333
3829,2.2317
3830,2.2262
3831,2.217
3832,2.2039
3833,2.1872
3834,2.1667
3835,2.1427
3836,2.1151
3837,2.0841
3838,2.0498
3839,2.0122
3840,1.9717
3841,1.9281
3842,1.8818
3843,1.8329
3844,1.7815
3845,1.7278
3846,1.672
3847,1.6143
3848,1.5549
3849,1.494
3850,1.4318
3851,1.3685
3852,1.3044
3853,1.2396
3854,1.1744
3855,1.109
3856,1.0436
3857,0.97848
3858,0.91383
3859,0.84987
3860,0.78683
3861,0.72491
3862,0.66435
3863,0.60534
3864,0.54808
3865,0.49277
3866,0.43961
3867,0.38877
3868,0.34042
3869,0.29474
3870,0.25189
3871,0.212
3872,0.17522
3873,0.14166
3874,0.11146
3875,0.084705
3876,0.061493
3877,0.041902
3878,0.026001
3879,0.013843
3880,0.0054708
3881,0.00091262